config_id,framework,backend,case_id,category,batch_index,request_index,profile,status,elapsed_ms,ttft_ms,mean_itl_ms,p50_itl_ms,p95_itl_ms,prompt_tokens,completion_tokens,completion_units,tok_per_s,error
vllm_flashinfer_base,vllm,flashinfer,hom_c8_2k_each,homogeneous_stream,1,1,long2k,ok,7319,1074.6581554412842,24.5855126793929,19.91403102874756,20.335674285888672,0,0,255,34.840825249351006,
vllm_flashinfer_base,vllm,flashinfer,hom_c8_2k_each,homogeneous_stream,1,2,long2k,ok,7299,552.7896881103516,26.459275974946863,19.91868019104004,20.349740982055664,0,0,256,35.07329771201534,
vllm_flashinfer_base,vllm,flashinfer,hom_c8_2k_each,homogeneous_stream,1,3,long2k,ok,7356,2068.610668182373,20.735422770182293,19.903898239135742,20.34783363342285,0,0,256,34.80152256661229,
vllm_flashinfer_base,vllm,flashinfer,hom_c8_2k_each,homogeneous_stream,1,4,long2k,ok,7341,1597.306251525879,22.60215169801487,19.905924797058105,20.384550094604492,0,0,255,34.73641193297916,
vllm_flashinfer_base,vllm,flashinfer,hom_c8_2k_each,homogeneous_stream,1,5,long2k,ok,7338,1597.1667766571045,22.601239324554683,19.90067958831787,20.377635955810547,0,0,255,34.75061324611611,
vllm_flashinfer_base,vllm,flashinfer,hom_c8_2k_each,homogeneous_stream,1,6,long2k,ok,7357,2067.748785018921,20.743241964602003,19.89293098449707,20.358800888061523,0,0,256,34.79679217072176,
vllm_flashinfer_base,vllm,flashinfer,hom_c8_2k_each,homogeneous_stream,1,7,long2k,ok,7367,2301.898241043091,19.866635752659217,19.890308380126953,20.355939865112305,0,0,256,34.74955884349124,
vllm_flashinfer_base,vllm,flashinfer,hom_c8_2k_each,homogeneous_stream,1,8,long2k,ok,7369,2301.85604095459,19.87184823728075,19.895553588867188,20.28203010559082,0,0,256,34.74012756140589,
vllm_flashinfer_base,vllm,flashinfer,hom_c8_2k_each,homogeneous_stream,2,1,long2k,ok,7312,1064.0273094177246,24.597790297560806,19.928693771362305,20.33090591430664,0,0,255,34.87417943107221,
vllm_flashinfer_base,vllm,flashinfer,hom_c8_2k_each,homogeneous_stream,2,2,long2k,ok,7292,542.45924949646,26.46962053635541,19.942522048950195,20.33829689025879,0,0,256,35.106966538672516,
vllm_flashinfer_base,vllm,flashinfer,hom_c8_2k_each,homogeneous_stream,2,3,long2k,ok,7330,1588.0961418151855,22.607023321737454,19.94037628173828,20.354032516479492,0,0,255,34.78854024556617,
vllm_flashinfer_base,vllm,flashinfer,hom_c8_2k_each,homogeneous_stream,2,4,long2k,ok,7331,1587.660551071167,22.614852649959055,19.937992095947266,20.341157913208008,0,0,255,34.783794843813936,
vllm_flashinfer_base,vllm,flashinfer,hom_c8_2k_each,homogeneous_stream,2,5,long2k,ok,7347,2055.864095687866,20.753204121309167,19.914865493774414,20.33257484436035,0,0,256,34.84415407649381,
vllm_flashinfer_base,vllm,flashinfer,hom_c8_2k_each,homogeneous_stream,2,6,long2k,ok,7349,2055.997610092163,20.758807425405465,19.93584632873535,20.357131958007812,0,0,256,34.834671383861746,
vllm_flashinfer_base,vllm,flashinfer,hom_c8_2k_each,homogeneous_stream,2,7,long2k,ok,7360,2289.903163909912,19.882997812009325,19.94156837463379,20.36261558532715,0,0,256,34.78260869565217,
vllm_flashinfer_base,vllm,flashinfer,hom_c8_2k_each,homogeneous_stream,2,8,long2k,ok,7361,2290.032386779785,19.888847014483282,19.93584632873535,20.259380340576172,0,0,256,34.777883439750035,
vllm_flashinfer_base,vllm,flashinfer,hom_c8_2k_each,homogeneous_stream,3,1,long2k,ok,7274,522.4671363830566,26.47867763743681,19.915342330932617,20.406007766723633,0,0,256,35.193841077811385,
vllm_flashinfer_base,vllm,flashinfer,hom_c8_2k_each,homogeneous_stream,3,2,long2k,ok,7293,1043.9140796661377,24.60415813866563,19.92189884185791,20.35665512084961,0,0,255,34.96503496503497,
vllm_flashinfer_base,vllm,flashinfer,hom_c8_2k_each,homogeneous_stream,3,3,long2k,ok,7312,1568.1655406951904,22.61412894631934,19.91868019104004,20.396709442138672,0,0,255,34.87417943107221,
vllm_flashinfer_base,vllm,flashinfer,hom_c8_2k_each,homogeneous_stream,3,4,long2k,ok,7314,1567.8675174713135,22.623306184303104,19.924640655517578,20.328760147094727,0,0,255,34.86464315012305,
vllm_flashinfer_base,vllm,flashinfer,hom_c8_2k_each,homogeneous_stream,3,5,long2k,ok,7330,2038.7749671936035,20.751300512575636,19.919395446777344,20.396709442138672,0,0,256,34.924965893587995,
vllm_flashinfer_base,vllm,flashinfer,hom_c8_2k_each,homogeneous_stream,3,6,long2k,ok,7343,2272.97306060791,19.880065730973786,19.918441772460938,20.277976989746094,0,0,256,34.863134958463846,
vllm_flashinfer_base,vllm,flashinfer,hom_c8_2k_each,homogeneous_stream,3,7,long2k,ok,7333,2038.2897853851318,20.7642817029766,19.91581916809082,20.339488983154297,0,0,256,34.91067775807991,
vllm_flashinfer_base,vllm,flashinfer,hom_c8_2k_each,homogeneous_stream,3,8,long2k,ok,7341,2273.0329036712646,19.87772455402449,19.913434982299805,20.313739776611328,0,0,256,34.87263315624574,
vllm_flashinfer_base,vllm,flashinfer,hom_c8_2k_each,homogeneous_stream,4,1,long2k,ok,7295,542.102575302124,26.482187532911112,19.92321014404297,20.316123962402344,0,0,256,35.09252912954078,
vllm_flashinfer_base,vllm,flashinfer,hom_c8_2k_each,homogeneous_stream,4,2,long2k,ok,7335,1589.568853378296,22.61375442264587,19.934654235839844,20.2786922454834,0,0,255,34.76482617586912,
vllm_flashinfer_base,vllm,flashinfer,hom_c8_2k_each,homogeneous_stream,4,3,long2k,ok,7314,1064.7964477539062,24.602890014648438,19.931435585021973,20.42102813720703,0,0,255,34.86464315012305,
vllm_flashinfer_base,vllm,flashinfer,hom_c8_2k_each,homogeneous_stream,4,4,long2k,ok,7332,1588.951826095581,22.613228775384858,19.930601119995117,20.314931869506836,0,0,255,34.779050736497545,
vllm_flashinfer_base,vllm,flashinfer,hom_c8_2k_each,homogeneous_stream,4,5,long2k,ok,7363,2295.1395511627197,19.874499825870288,19.926071166992188,20.346641540527344,0,0,256,34.76843677848703,
vllm_flashinfer_base,vllm,flashinfer,hom_c8_2k_each,homogeneous_stream,4,6,long2k,ok,7350,2059.4167709350586,20.74899673461914,19.91748809814453,20.334482192993164,0,0,256,34.82993197278912,
vllm_flashinfer_base,vllm,flashinfer,hom_c8_2k_each,homogeneous_stream,4,7,long2k,ok,7351,2059.5273971557617,20.74768122504739,19.914627075195312,20.30801773071289,0,0,256,34.825193851176714,
vllm_flashinfer_base,vllm,flashinfer,hom_c8_2k_each,homogeneous_stream,4,8,long2k,ok,7363,2294.128894805908,19.875276789945715,19.910812377929688,20.362377166748047,0,0,256,34.76843677848703,
vllm_flashinfer_base,vllm,flashinfer,hom_c8_2k_each,homogeneous_stream,5,1,long2k,ok,7274,519.8442935943604,26.4890287436691,19.943952560424805,20.383358001708984,0,0,256,35.193841077811385,
vllm_flashinfer_base,vllm,flashinfer,hom_c8_2k_each,homogeneous_stream,5,2,long2k,ok,7314,1565.8786296844482,22.630967493132342,19.928336143493652,20.34139633178711,0,0,255,34.86464315012305,
vllm_flashinfer_base,vllm,flashinfer,hom_c8_2k_each,homogeneous_stream,5,3,long2k,ok,7311,1565.8764839172363,22.621138828007254,19.922852516174316,20.353317260742188,0,0,255,34.87894952810833,
vllm_flashinfer_base,vllm,flashinfer,hom_c8_2k_each,homogeneous_stream,5,4,long2k,ok,7292,1041.259527206421,24.612602286451445,19.95217800140381,20.33853530883789,0,0,255,34.96982995063083,
vllm_flashinfer_base,vllm,flashinfer,hom_c8_2k_each,homogeneous_stream,5,5,long2k,ok,7331,2036.9586944580078,20.760786767099418,19.936084747314453,20.362138748168945,0,0,256,34.92020188241713,
vllm_flashinfer_base,vllm,flashinfer,hom_c8_2k_each,homogeneous_stream,5,6,long2k,ok,7328,2036.405086517334,20.754825367647058,19.954681396484375,20.32923698425293,0,0,256,34.93449781659388,
vllm_flashinfer_base,vllm,flashinfer,hom_c8_2k_each,homogeneous_stream,5,7,long2k,ok,7341,2271.519899368286,19.88042102140539,19.94609832763672,20.288944244384766,0,0,256,34.87263315624574,
vllm_flashinfer_base,vllm,flashinfer,hom_c8_2k_each,homogeneous_stream,5,8,long2k,ok,7342,2270.8725929260254,19.88239755817488,19.952058792114258,20.275592803955078,0,0,256,34.86788341051485,
vllm_flashinfer_base,vllm,flashinfer,mix_short6_long2_c8,mixed_stream,1,1,short,ok,5912,794.471263885498,20.14809893810843,19.21987533569336,19.736766815185547,0,0,255,43.132611637347765,
vllm_flashinfer_base,vllm,flashinfer,mix_short6_long2_c8,mixed_stream,1,2,short,ok,5887,318.8614845275879,21.923865858964096,19.246578216552734,19.661426544189453,0,0,255,43.315780533378636,
vllm_flashinfer_base,vllm,flashinfer,mix_short6_long2_c8,mixed_stream,1,3,short,ok,5908,794.3289279937744,20.134229359664317,19.254565238952637,19.67334747314453,0,0,255,43.1618144888287,
vllm_flashinfer_base,vllm,flashinfer,mix_short6_long2_c8,mixed_stream,1,4,short,ok,5914,793.9374446868896,20.1362446537168,19.25027370452881,19.78135108947754,0,0,255,43.11802502536354,
vllm_flashinfer_base,vllm,flashinfer,mix_short6_long2_c8,mixed_stream,1,5,short,ok,5905,793.9443588256836,20.12532151590182,19.220590591430664,19.751310348510742,0,0,255,43.183742591024554,
vllm_flashinfer_base,vllm,flashinfer,mix_short6_long2_c8,mixed_stream,1,6,short,ok,5915,793.5035228729248,20.165542917927418,19.240975379943848,19.77849006652832,0,0,255,43.11073541842772,
vllm_flashinfer_base,vllm,flashinfer,mix_short6_long2_c8,mixed_stream,1,7,long2k,ok,5920,1020.8284854888916,19.289740427272527,19.254088401794434,19.718647003173828,0,0,255,43.07432432432432,
vllm_flashinfer_base,vllm,flashinfer,mix_short6_long2_c8,mixed_stream,1,8,long2k,ok,5918,1020.3137397766113,19.283643857700618,19.254326820373535,19.649982452392578,0,0,255,43.088881378844206,
vllm_flashinfer_base,vllm,flashinfer,mix_short6_long2_c8,mixed_stream,2,1,short,ok,5881,813.1136894226074,19.953397315318192,19.207358360290527,19.814729690551758,0,0,255,43.35997279374256,
vllm_flashinfer_base,vllm,flashinfer,mix_short6_long2_c8,mixed_stream,2,2,short,ok,5861,374.4924068450928,21.59987847636065,19.215941429138184,19.724369049072266,0,0,255,43.507933799692886,
vllm_flashinfer_base,vllm,flashinfer,mix_short6_long2_c8,mixed_stream,2,3,short,ok,5864,374.4544982910156,21.612234002961888,19.220352172851562,19.77252960205078,0,0,255,43.48567530695771,
vllm_flashinfer_base,vllm,flashinfer,mix_short6_long2_c8,mixed_stream,2,4,short,ok,5886,812.5331401824951,19.97485404878151,19.2108154296875,19.713163375854492,0,0,255,43.323139653414884,
vllm_flashinfer_base,vllm,flashinfer,mix_short6_long2_c8,mixed_stream,2,5,short,ok,5878,812.5250339508057,19.946296384015422,19.22905445098877,19.692182540893555,0,0,255,43.382102756039465,
vllm_flashinfer_base,vllm,flashinfer,mix_short6_long2_c8,mixed_stream,2,6,short,ok,5883,811.7461204528809,19.965454349367636,19.222617149353027,19.721269607543945,0,0,255,43.345232024477305,
vllm_flashinfer_base,vllm,flashinfer,mix_short6_long2_c8,mixed_stream,2,7,long2k,ok,5892,996.0088729858398,19.20016793643727,19.219160079956055,19.701719284057617,0,0,256,43.44874405974202,
vllm_flashinfer_base,vllm,flashinfer,mix_short6_long2_c8,mixed_stream,2,8,long2k,ok,5890,995.8627223968506,19.26933217236376,19.218802452087402,19.724369049072266,0,0,255,43.293718166383705,
vllm_flashinfer_base,vllm,flashinfer,mix_short6_long2_c8,mixed_stream,3,1,short,ok,5877,314.2659664154053,21.90056466680812,19.253134727478027,19.666671752929688,0,0,255,43.389484430832056,
vllm_flashinfer_base,vllm,flashinfer,mix_short6_long2_c8,mixed_stream,3,2,short,ok,5898,786.1254215240479,20.206519266362246,19.251108169555664,19.6685791015625,0,0,254,43.06544591386911,
vllm_flashinfer_base,vllm,flashinfer,mix_short6_long2_c8,mixed_stream,3,3,short,ok,5895,785.7654094696045,20.197365123763856,19.204139709472656,19.695520401000977,0,0,254,43.08736217133164,
vllm_flashinfer_base,vllm,flashinfer,mix_short6_long2_c8,mixed_stream,3,4,short,ok,5907,1011.9152069091797,19.275717847929226,19.219517707824707,19.63663101196289,0,0,255,43.169121381411884,
vllm_flashinfer_base,vllm,flashinfer,mix_short6_long2_c8,mixed_stream,3,5,short,ok,5902,785.4704856872559,20.2060669307181,19.242286682128906,19.699811935424805,0,0,254,43.036258895289734,
vllm_flashinfer_base,vllm,flashinfer,mix_short6_long2_c8,mixed_stream,3,6,short,ok,5901,785.1581573486328,20.206367545448273,19.216537475585938,19.66381072998047,0,0,254,43.0435519403491,
vllm_flashinfer_base,vllm,flashinfer,mix_short6_long2_c8,mixed_stream,3,7,long2k,ok,5908,1011.3677978515625,19.281295340830887,19.22023296356201,19.71578598022461,0,0,255,43.1618144888287,
vllm_flashinfer_base,vllm,flashinfer,mix_short6_long2_c8,mixed_stream,3,8,long2k,ok,5910,1011.2652778625488,19.213669907812978,19.220829010009766,19.673585891723633,0,0,256,43.31641285956007,
vllm_flashinfer_base,vllm,flashinfer,mix_short6_long2_c8,mixed_stream,4,1,short,ok,5892,326.0960578918457,21.912621700857567,19.231677055358887,19.702434539794922,0,0,255,43.27902240325865,
vllm_flashinfer_base,vllm,flashinfer,mix_short6_long2_c8,mixed_stream,4,2,short,ok,5910,799.0145683288574,20.12465976354644,19.232988357543945,19.74630355834961,0,0,255,43.14720812182741,
vllm_flashinfer_base,vllm,flashinfer,mix_short6_long2_c8,mixed_stream,4,3,short,ok,5915,798.9683151245117,20.12391634813444,19.220590591430664,19.738435745239258,0,0,255,43.11073541842772,
vllm_flashinfer_base,vllm,flashinfer,mix_short6_long2_c8,mixed_stream,4,4,short,ok,5917,798.6652851104736,20.15433349008635,19.231081008911133,19.745588302612305,0,0,255,43.09616359641711,
vllm_flashinfer_base,vllm,flashinfer,mix_short6_long2_c8,mixed_stream,4,5,short,ok,5912,798.2621192932129,20.1246419290858,19.23072338104248,19.743680953979492,0,0,255,43.132611637347765,
vllm_flashinfer_base,vllm,flashinfer,mix_short6_long2_c8,mixed_stream,4,6,short,ok,5920,797.9893684387207,20.155152936620038,19.212722778320312,19.771814346313477,0,0,255,43.07432432432432,
vllm_flashinfer_base,vllm,flashinfer,mix_short6_long2_c8,mixed_stream,4,7,long2k,ok,5923,1024.6875286102295,19.286858753895196,19.240260124206543,19.73414421081543,0,0,255,43.052507175417865,
vllm_flashinfer_base,vllm,flashinfer,mix_short6_long2_c8,mixed_stream,4,8,long2k,ok,5924,1024.4345664978027,19.286380039425346,19.221186637878418,19.72484588623047,0,0,255,43.045239702903444,
vllm_flashinfer_base,vllm,flashinfer,mix_short6_long2_c8,mixed_stream,5,1,short,ok,5864,374.5861053466797,21.61212981216551,19.219517707824707,19.71745491027832,0,0,255,43.48567530695771,
vllm_flashinfer_base,vllm,flashinfer,mix_short6_long2_c8,mixed_stream,5,2,short,ok,5882,812.8457069396973,19.959380307535486,19.220948219299316,19.716501235961914,0,0,255,43.35260115606937,
vllm_flashinfer_base,vllm,flashinfer,mix_short6_long2_c8,mixed_stream,5,3,short,ok,5861,374.23014640808105,21.60416437884954,19.234061241149902,19.68669891357422,0,0,255,43.507933799692886,
vllm_flashinfer_base,vllm,flashinfer,mix_short6_long2_c8,mixed_stream,5,4,short,ok,5880,812.3853206634521,19.952138577859234,19.235610961914062,19.70219612121582,0,0,255,43.36734693877551,
vllm_flashinfer_base,vllm,flashinfer,mix_short6_long2_c8,mixed_stream,5,5,short,ok,5886,811.774730682373,19.967241550055075,19.21665668487549,19.701480865478516,0,0,255,43.323139653414884,
vllm_flashinfer_base,vllm,flashinfer,mix_short6_long2_c8,mixed_stream,5,6,short,ok,5883,811.9213581085205,19.965525687210203,19.22762393951416,19.693851470947266,0,0,255,43.345232024477305,
vllm_flashinfer_base,vllm,flashinfer,mix_short6_long2_c8,mixed_stream,5,7,long2k,ok,5891,996.5388774871826,19.19725548987295,19.25063133239746,19.75536346435547,0,0,256,43.45611950432864,
vllm_flashinfer_base,vllm,flashinfer,mix_short6_long2_c8,mixed_stream,5,8,long2k,ok,5893,995.9535598754883,19.274162495230126,19.234657287597656,19.6688175201416,0,0,255,43.271678262345155,
vllm_flashinfer_base,vllm,flashinfer,prefill_heavy_c4_4k_each,prefill_pressure,1,1,long4k,ok,4642,1314.0242099761963,26.210062147125484,18.98503303527832,19.351482391357422,0,0,128,27.57432141318397,
vllm_flashinfer_base,vllm,flashinfer,prefill_heavy_c4_4k_each,prefill_pressure,1,2,long4k,ok,4660,1848.1895923614502,22.146183674729716,18.976926803588867,19.316673278808594,0,0,128,27.467811158798284,
vllm_flashinfer_base,vllm,flashinfer,prefill_heavy_c4_4k_each,prefill_pressure,1,3,long4k,ok,4677,2211.533546447754,19.415969923725278,18.982648849487305,19.282102584838867,0,0,128,27.367970921530897,
vllm_flashinfer_base,vllm,flashinfer,prefill_heavy_c4_4k_each,prefill_pressure,1,4,long4k,ok,4689,2287.79673576355,18.91087171599621,18.979310989379883,19.22297477722168,0,0,128,27.2979313286415,
vllm_flashinfer_base,vllm,flashinfer,prefill_heavy_c4_4k_each,prefill_pressure,2,1,long4k,ok,4642,1312.3972415924072,26.217883027444675,18.9816951751709,19.23394203186035,0,0,128,27.57432141318397,
vllm_flashinfer_base,vllm,flashinfer,prefill_heavy_c4_4k_each,prefill_pressure,2,2,long4k,ok,4660,1846.9703197479248,22.152112224909263,18.985509872436523,19.19841766357422,0,0,128,27.467811158798284,
vllm_flashinfer_base,vllm,flashinfer,prefill_heavy_c4_4k_each,prefill_pressure,2,3,long4k,ok,4676,2211.3935947418213,19.412031323890986,18.97740364074707,19.31142807006836,0,0,128,27.37382378100941,
vllm_flashinfer_base,vllm,flashinfer,prefill_heavy_c4_4k_each,prefill_pressure,2,4,long4k,ok,4689,2287.842035293579,18.907252259141817,18.97740364074707,19.21820640563965,0,0,128,27.2979313286415,
vllm_flashinfer_base,vllm,flashinfer,prefill_heavy_c4_4k_each,prefill_pressure,3,1,long4k,ok,4645,1316.8871402740479,26.20939382417934,18.9821720123291,19.3939208984375,0,0,128,27.55651237890205,
vllm_flashinfer_base,vllm,flashinfer,prefill_heavy_c4_4k_each,prefill_pressure,3,2,long4k,ok,4663,1850.5017757415771,22.151329385952685,18.990039825439453,19.28877830505371,0,0,128,27.450139395239116,
vllm_flashinfer_base,vllm,flashinfer,prefill_heavy_c4_4k_each,prefill_pressure,3,3,long4k,ok,4680,2215.5609130859375,19.409172178253414,18.980741500854492,19.335269927978516,0,0,128,27.350427350427353,
vllm_flashinfer_base,vllm,flashinfer,prefill_heavy_c4_4k_each,prefill_pressure,3,4,long4k,ok,4692,2291.797161102295,18.904667201004628,18.989086151123047,19.27781105041504,0,0,128,27.280477408354646,
vllm_flashinfer_base,vllm,flashinfer,prefill_heavy_c4_4k_each,prefill_pressure,4,1,long4k,ok,4661,1848.022222518921,22.1556284296231,18.991470336914062,19.260406494140625,0,0,128,27.461918043338343,
vllm_flashinfer_base,vllm,flashinfer,prefill_heavy_c4_4k_each,prefill_pressure,4,2,long4k,ok,4691,2289.22700881958,18.911618886031505,18.989086151123047,19.199609756469727,0,0,128,27.286292901300364,
vllm_flashinfer_base,vllm,flashinfer,prefill_heavy_c4_4k_each,prefill_pressure,4,3,long4k,ok,4642,1313.0419254302979,26.218791646281566,18.99242401123047,19.278287887573242,0,0,128,27.57432141318397,
vllm_flashinfer_base,vllm,flashinfer,prefill_heavy_c4_4k_each,prefill_pressure,4,4,long4k,ok,4678,2211.89022064209,19.418083776639204,18.991470336914062,19.254446029663086,0,0,128,27.362120564343737,
vllm_flashinfer_base,vllm,flashinfer,prefill_heavy_c4_4k_each,prefill_pressure,5,1,long4k,ok,4664,1851.3517379760742,22.15302835299274,18.980979919433594,19.265174865722656,0,0,128,27.4442538593482,
vllm_flashinfer_base,vllm,flashinfer,prefill_heavy_c4_4k_each,prefill_pressure,5,2,long4k,ok,4681,2216.505527496338,19.410580161988268,18.98050308227539,19.287824630737305,0,0,128,27.344584490493485,
vllm_flashinfer_base,vllm,flashinfer,prefill_heavy_c4_4k_each,prefill_pressure,5,3,long4k,ok,4646,1317.1792030334473,26.21224921519362,18.982648849487305,19.29330825805664,0,0,128,27.55058114507103,
vllm_flashinfer_base,vllm,flashinfer,prefill_heavy_c4_4k_each,prefill_pressure,5,4,long4k,ok,4693,2291.7468547821045,18.91116269930141,18.980741500854492,19.324541091918945,0,0,128,27.274664393777968,
vllm_flashinfer_base,vllm,flashinfer,decode_heavy_c8_short,decode_pressure,1,1,short,ok,20239,322.34692573547363,19.46942197961891,19.165754318237305,19.7446346282959,0,0,1024,50.59538514748752,
vllm_flashinfer_base,vllm,flashinfer,decode_heavy_c8_short,decode_pressure,1,2,short,ok,20297,601.6480922698975,19.32003757787523,19.206762313842773,19.733667373657227,0,0,1020,50.25373207863231,
vllm_flashinfer_base,vllm,flashinfer,decode_heavy_c8_short,decode_pressure,1,3,short,ok,20253,601.9253730773926,19.28505041180462,19.20151710510254,19.733905792236328,0,0,1020,50.36290919863724,
vllm_flashinfer_base,vllm,flashinfer,decode_heavy_c8_short,decode_pressure,1,4,short,ok,20277,601.5441417694092,19.30742245076098,19.196748733520508,19.708633422851562,0,0,1020,50.30329930463086,
vllm_flashinfer_base,vllm,flashinfer,decode_heavy_c8_short,decode_pressure,1,5,short,ok,20282,600.7027626037598,19.307491238849554,19.209623336791992,19.73557472229004,0,0,1020,50.29089833349768,
vllm_flashinfer_base,vllm,flashinfer,decode_heavy_c8_short,decode_pressure,1,6,short,ok,20268,600.1427173614502,19.28571466140822,19.19269561767578,19.721031188964844,0,0,1020,50.32563647128478,
vllm_flashinfer_base,vllm,flashinfer,decode_heavy_c8_short,decode_pressure,1,7,short,ok,20263,600.1851558685303,19.285384993323866,19.189834594726562,19.758939743041992,0,0,1020,50.338054582243494,
vllm_flashinfer_base,vllm,flashinfer,decode_heavy_c8_short,decode_pressure,1,8,short,ok,20257,600.0034809112549,19.28531924688547,19.18935775756836,19.77992057800293,0,0,1020,50.35296440736535,
vllm_flashinfer_base,vllm,flashinfer,decode_heavy_c8_short,decode_pressure,2,1,short,ok,20268,343.78838539123535,19.47605015595288,19.228219985961914,19.643068313598633,0,0,1024,50.52299190842707,
vllm_flashinfer_base,vllm,flashinfer,decode_heavy_c8_short,decode_pressure,2,2,short,ok,20288,626.5912055969238,19.29534686559316,19.203901290893555,19.731760025024414,0,0,1020,50.27602523659306,
vllm_flashinfer_base,vllm,flashinfer,decode_heavy_c8_short,decode_pressure,2,3,short,ok,20322,626.6524791717529,19.313560734787213,19.214391708374023,19.713401794433594,0,0,1020,50.19191024505462,
vllm_flashinfer_base,vllm,flashinfer,decode_heavy_c8_short,decode_pressure,2,4,short,ok,20327,626.1560916900635,19.313873088862874,19.211769104003906,19.711732864379883,0,0,1020,50.17956412653121,
vllm_flashinfer_base,vllm,flashinfer,decode_heavy_c8_short,decode_pressure,2,5,short,ok,20311,626.1177062988281,19.31362016395217,19.21224594116211,19.72651481628418,0,0,1020,50.21909310225986,
vllm_flashinfer_base,vllm,flashinfer,decode_heavy_c8_short,decode_pressure,2,6,short,ok,20281,625.7247924804688,19.289065390035613,19.20771598815918,19.744396209716797,0,0,1020,50.29337803855826,
vllm_flashinfer_base,vllm,flashinfer,decode_heavy_c8_short,decode_pressure,2,7,short,ok,20306,625.4570484161377,19.313860688289086,19.209623336791992,19.753217697143555,0,0,1020,50.2314586821629,
vllm_flashinfer_base,vllm,flashinfer,decode_heavy_c8_short,decode_pressure,2,8,short,ok,20297,625.8010864257812,19.300032176728102,19.20294761657715,19.695281982421875,0,0,1020,50.25373207863231,
vllm_flashinfer_base,vllm,flashinfer,decode_heavy_c8_short,decode_pressure,3,1,short,ok,20259,338.69099617004395,19.47284816879914,19.200563430786133,19.74797248840332,0,0,1024,50.545436596080755,
vllm_flashinfer_base,vllm,flashinfer,decode_heavy_c8_short,decode_pressure,3,2,short,ok,20297,619.4362640380859,19.29319384521544,19.192934036254883,19.692182540893555,0,0,1020,50.25373207863231,
vllm_flashinfer_base,vllm,flashinfer,decode_heavy_c8_short,decode_pressure,3,3,short,ok,20278,618.7679767608643,19.292095341556088,19.17552947998047,19.759654998779297,0,0,1020,50.300818621165796,
vllm_flashinfer_base,vllm,flashinfer,decode_heavy_c8_short,decode_pressure,3,4,short,ok,20283,617.9776191711426,19.298411913077192,19.214153289794922,19.70958709716797,0,0,1020,50.28841887294779,
vllm_flashinfer_base,vllm,flashinfer,decode_heavy_c8_short,decode_pressure,3,5,short,ok,20307,617.6953315734863,19.321788164537484,19.212007522583008,19.652605056762695,0,0,1020,50.22898507903679,
vllm_flashinfer_base,vllm,flashinfer,decode_heavy_c8_short,decode_pressure,3,6,short,ok,20287,616.8768405914307,19.292653133403565,19.176483154296875,19.753217697143555,0,0,1020,50.27850347513186,
vllm_flashinfer_base,vllm,flashinfer,decode_heavy_c8_short,decode_pressure,3,7,short,ok,20269,615.9133911132812,19.286794915166524,19.200801849365234,19.686222076416016,0,0,1020,50.32315358429128,
vllm_flashinfer_base,vllm,flashinfer,decode_heavy_c8_short,decode_pressure,3,8,short,ok,20318,615.2613162994385,19.335266418382158,19.19841766357422,19.689559936523438,0,0,1020,50.201791514912884,
vllm_flashinfer_base,vllm,flashinfer,decode_heavy_c8_short,decode_pressure,4,1,short,ok,20263,335.59155464172363,19.479835720938556,19.20461654663086,19.74630355834961,0,0,1024,50.53545871786014,
vllm_flashinfer_base,vllm,flashinfer,decode_heavy_c8_short,decode_pressure,4,2,short,ok,20284,620.0299263000488,19.29533469899246,19.203901290893555,19.7756290435791,0,0,1020,50.285939656872415,
vllm_flashinfer_base,vllm,flashinfer,decode_heavy_c8_short,decode_pressure,4,3,short,ok,20289,619.8687553405762,19.303017439388316,19.209623336791992,19.753217697143555,0,0,1020,50.273547242348066,
vllm_flashinfer_base,vllm,flashinfer,decode_heavy_c8_short,decode_pressure,4,4,short,ok,20326,619.0700531005859,19.329358363876867,19.199371337890625,19.74344253540039,0,0,1020,50.182032864311715,
vllm_flashinfer_base,vllm,flashinfer,decode_heavy_c8_short,decode_pressure,4,5,short,ok,20276,618.9591884613037,19.290481161205527,19.232749938964844,19.788503646850586,0,0,1020,50.305780232787534,
vllm_flashinfer_base,vllm,flashinfer,decode_heavy_c8_short,decode_pressure,4,6,short,ok,20309,618.5047626495361,19.310078747256114,19.230127334594727,19.74964141845703,0,0,1020,50.22403860357477,
vllm_flashinfer_base,vllm,flashinfer,decode_heavy_c8_short,decode_pressure,4,7,short,ok,20300,618.4704303741455,19.30985226130462,19.204139709472656,19.748687744140625,0,0,1020,50.24630541871921,
vllm_flashinfer_base,vllm,flashinfer,decode_heavy_c8_short,decode_pressure,4,8,short,ok,20294,617.753267288208,19.309751418902664,19.227266311645508,19.793033599853516,0,0,1020,50.261160934266286,
vllm_flashinfer_base,vllm,flashinfer,decode_heavy_c8_short,decode_pressure,5,1,short,ok,20330,637.1631622314453,19.304939762298915,19.212722778320312,19.786596298217773,0,0,1020,50.17215937038859,
vllm_flashinfer_base,vllm,flashinfer,decode_heavy_c8_short,decode_pressure,5,2,short,ok,20276,354.6149730682373,19.473710950402104,19.21534538269043,19.730329513549805,0,0,1024,50.503057802327874,
vllm_flashinfer_base,vllm,flashinfer,decode_heavy_c8_short,decode_pressure,5,3,short,ok,20319,636.8038654327393,19.31569573923697,19.196033477783203,19.875764846801758,0,0,1020,50.19932083271815,
vllm_flashinfer_base,vllm,flashinfer,decode_heavy_c8_short,decode_pressure,5,4,short,ok,20313,636.742353439331,19.29175374084413,19.20151710510254,19.79207992553711,0,0,1020,50.21414857480431,
vllm_flashinfer_base,vllm,flashinfer,decode_heavy_c8_short,decode_pressure,5,5,short,ok,20289,636.0776424407959,19.286669271616987,19.219398498535156,19.778013229370117,0,0,1020,50.273547242348066,
vllm_flashinfer_base,vllm,flashinfer,decode_heavy_c8_short,decode_pressure,5,6,short,ok,20301,635.6377601623535,19.292027021413695,19.216299057006836,19.819259643554688,0,0,1020,50.24383035318458,
vllm_flashinfer_base,vllm,flashinfer,decode_heavy_c8_short,decode_pressure,5,7,short,ok,20306,634.2580318450928,19.292263100261895,19.208192825317383,19.75536346435547,0,0,1020,50.2314586821629,
vllm_flashinfer_base,vllm,flashinfer,decode_heavy_c8_short,decode_pressure,5,8,short,ok,20293,634.25612449646,19.29311125271454,19.228219985961914,19.806623458862305,0,0,1020,50.2636377075839,
sglang_flashinfer_base,sglang,flashinfer,hom_c8_2k_each,homogeneous_stream,1,1,long2k,ok,4504,277.9664993286133,16.572998084273994,16.541004180908203,17.06695556640625,0,0,256,56.83836589698047,
sglang_flashinfer_base,sglang,flashinfer,hom_c8_2k_each,homogeneous_stream,1,2,long2k,ok,4516,277.64010429382324,16.6106383005778,16.55101776123047,16.993284225463867,0,0,256,56.687333923826394,
sglang_flashinfer_base,sglang,flashinfer,hom_c8_2k_each,homogeneous_stream,1,3,long2k,ok,4508,277.7104377746582,16.58927319096584,16.562700271606445,17.009258270263672,0,0,256,56.78793256433008,
sglang_flashinfer_base,sglang,flashinfer,hom_c8_2k_each,homogeneous_stream,1,4,long2k,ok,4519,96.67825698852539,17.3310775382846,16.565322875976562,16.998767852783203,0,0,256,56.649701261341,
sglang_flashinfer_base,sglang,flashinfer,hom_c8_2k_each,homogeneous_stream,1,5,long2k,ok,4512,276.7977714538574,16.603601680082434,16.57557487487793,16.986370086669922,0,0,256,56.73758865248227,
sglang_flashinfer_base,sglang,flashinfer,hom_c8_2k_each,homogeneous_stream,1,6,long2k,ok,4501,276.26490592956543,16.569208631328507,16.546010971069336,17.06981658935547,0,0,256,56.87624972228393,
sglang_flashinfer_base,sglang,flashinfer,hom_c8_2k_each,homogeneous_stream,1,7,long2k,ok,4505,276.16167068481445,16.5859203712613,16.539335250854492,17.036914825439453,0,0,256,56.82574916759157,
sglang_flashinfer_base,sglang,flashinfer,hom_c8_2k_each,homogeneous_stream,1,8,long2k,ok,4509,276.2148380279541,16.582365596995633,16.57557487487793,16.920089721679688,0,0,256,56.77533821246396,
sglang_flashinfer_base,sglang,flashinfer,hom_c8_2k_each,homogeneous_stream,2,1,long2k,ok,4396,157.43470191955566,16.61055976269292,16.53289794921875,16.961097717285156,0,0,256,58.23475887170155,
sglang_flashinfer_base,sglang,flashinfer,hom_c8_2k_each,homogeneous_stream,2,2,long2k,ok,4383,156.49008750915527,16.562812468584845,16.53289794921875,16.9680118560791,0,0,256,58.40748345881816,
sglang_flashinfer_base,sglang,flashinfer,hom_c8_2k_each,homogeneous_stream,2,3,long2k,ok,4392,156.65650367736816,16.600225486007393,16.570568084716797,16.94512367248535,0,0,256,58.287795992714024,
sglang_flashinfer_base,sglang,flashinfer,hom_c8_2k_each,homogeneous_stream,2,4,long2k,ok,4377,38.393259048461914,17.01640615276262,16.53146743774414,16.98780059814453,0,0,256,58.48754854923464,
sglang_flashinfer_base,sglang,flashinfer,hom_c8_2k_each,homogeneous_stream,2,5,long2k,ok,4386,156.477689743042,16.581149194754808,16.53432846069336,16.963958740234375,0,0,256,58.36753305973552,
sglang_flashinfer_base,sglang,flashinfer,hom_c8_2k_each,homogeneous_stream,2,6,long2k,ok,4379,156.5685272216797,16.560900445077934,16.53885841369629,16.92342758178711,0,0,256,58.46083580726194,
sglang_flashinfer_base,sglang,flashinfer,hom_c8_2k_each,homogeneous_stream,2,7,long2k,ok,4388,156.3572883605957,16.578904320211972,16.54195785522461,16.954898834228516,0,0,256,58.34092980856882,
sglang_flashinfer_base,sglang,flashinfer,hom_c8_2k_each,homogeneous_stream,2,8,long2k,ok,4383,155.16281127929688,16.56180456572888,16.518592834472656,17.003774642944336,0,0,256,58.40748345881816,
sglang_flashinfer_base,sglang,flashinfer,hom_c8_2k_each,homogeneous_stream,3,1,long2k,ok,4385,157.46259689331055,16.57854154998181,16.560792922973633,16.940832138061523,0,0,256,58.38084378563284,
sglang_flashinfer_base,sglang,flashinfer,hom_c8_2k_each,homogeneous_stream,3,2,long2k,ok,4382,39.018869400024414,17.018923104978075,16.55411720275879,16.927242279052734,0,0,256,58.42081241442264,
sglang_flashinfer_base,sglang,flashinfer,hom_c8_2k_each,homogeneous_stream,3,3,long2k,ok,4390,157.1660041809082,16.59088789247999,16.564130783081055,16.910076141357422,0,0,256,58.31435079726652,
sglang_flashinfer_base,sglang,flashinfer,hom_c8_2k_each,homogeneous_stream,3,4,long2k,ok,4392,156.4650535583496,16.592815810558843,16.54839515686035,17.015695571899414,0,0,256,58.287795992714024,
sglang_flashinfer_base,sglang,flashinfer,hom_c8_2k_each,homogeneous_stream,3,5,long2k,ok,4378,156.12483024597168,16.556657529344747,16.545534133911133,16.881465911865234,0,0,256,58.47418912745546,
sglang_flashinfer_base,sglang,flashinfer,hom_c8_2k_each,homogeneous_stream,3,6,long2k,ok,4379,155.81202507019043,16.55726713292739,16.54052734375,16.953706741333008,0,0,256,58.46083580726194,
sglang_flashinfer_base,sglang,flashinfer,hom_c8_2k_each,homogeneous_stream,3,7,long2k,ok,4395,156.01706504821777,16.625689525230257,16.543149948120117,16.976356506347656,0,0,256,58.24800910125143,
sglang_flashinfer_base,sglang,flashinfer,hom_c8_2k_each,homogeneous_stream,3,8,long2k,ok,4386,155.23695945739746,16.58144651674757,16.54219627380371,16.957759857177734,0,0,256,58.36753305973552,
sglang_flashinfer_base,sglang,flashinfer,hom_c8_2k_each,homogeneous_stream,4,1,long2k,ok,4382,39.60418701171875,17.030175526936848,16.55125617980957,17.001867294311523,0,0,256,58.42081241442264,
sglang_flashinfer_base,sglang,flashinfer,hom_c8_2k_each,homogeneous_stream,4,2,long2k,ok,4396,158.63442420959473,16.61546464059867,16.53742790222168,16.921043395996094,0,0,256,58.23475887170155,
sglang_flashinfer_base,sglang,flashinfer,hom_c8_2k_each,homogeneous_stream,4,3,long2k,ok,4387,157.51123428344727,16.578833262125652,16.551494598388672,17.010211944580078,0,0,256,58.354228402097114,
sglang_flashinfer_base,sglang,flashinfer,hom_c8_2k_each,homogeneous_stream,4,4,long2k,ok,4388,158.1411361694336,16.576111550424613,16.54362678527832,17.00282096862793,0,0,256,58.34092980856882,
sglang_flashinfer_base,sglang,flashinfer,hom_c8_2k_each,homogeneous_stream,4,5,long2k,ok,4391,157.72008895874023,16.60278544706457,16.539335250854492,16.97826385498047,0,0,256,58.30107037121385,
sglang_flashinfer_base,sglang,flashinfer,hom_c8_2k_each,homogeneous_stream,4,6,long2k,ok,4389,156.87108039855957,16.585094788495233,16.55125617980957,16.946077346801758,0,0,256,58.32763727500569,
sglang_flashinfer_base,sglang,flashinfer,hom_c8_2k_each,homogeneous_stream,4,7,long2k,ok,4384,156.9383144378662,16.576605217129575,16.549110412597656,16.951799392700195,0,0,256,58.3941605839416,
sglang_flashinfer_base,sglang,flashinfer,hom_c8_2k_each,homogeneous_stream,4,8,long2k,ok,4378,156.54826164245605,16.55694082671521,16.54219627380371,16.959190368652344,0,0,256,58.47418912745546,
sglang_flashinfer_base,sglang,flashinfer,hom_c8_2k_each,homogeneous_stream,5,1,long2k,ok,4382,159.29269790649414,16.562748890297087,16.5557861328125,16.887903213500977,0,0,256,58.42081241442264,
sglang_flashinfer_base,sglang,flashinfer,hom_c8_2k_each,homogeneous_stream,5,2,long2k,ok,4400,40.772199630737305,17.073855680577896,16.5557861328125,16.90196990966797,0,0,256,58.18181818181818,
sglang_flashinfer_base,sglang,flashinfer,hom_c8_2k_each,homogeneous_stream,5,3,long2k,ok,4387,158.41293334960938,16.58318743986242,16.559362411499023,17.00758934020996,0,0,256,58.354228402097114,
sglang_flashinfer_base,sglang,flashinfer,hom_c8_2k_each,homogeneous_stream,5,4,long2k,ok,4390,158.6592197418213,16.593088823206283,16.544103622436523,16.936302185058594,0,0,256,58.31435079726652,
sglang_flashinfer_base,sglang,flashinfer,hom_c8_2k_each,homogeneous_stream,5,5,long2k,ok,4391,157.62853622436523,16.59691754509421,16.567230224609375,16.920804977416992,0,0,256,58.30107037121385,
sglang_flashinfer_base,sglang,flashinfer,hom_c8_2k_each,homogeneous_stream,5,6,long2k,ok,4396,157.18317031860352,16.603968190211877,16.55292510986328,16.90506935119629,0,0,256,58.23475887170155,
sglang_flashinfer_base,sglang,flashinfer,hom_c8_2k_each,homogeneous_stream,5,7,long2k,ok,4393,157.6852798461914,16.60199632831648,16.54505729675293,16.920089721679688,0,0,256,58.27452765763715,
sglang_flashinfer_base,sglang,flashinfer,hom_c8_2k_each,homogeneous_stream,5,8,long2k,ok,4383,157.19270706176758,16.571760177612305,16.551971435546875,16.864776611328125,0,0,256,58.40748345881816,
sglang_flashinfer_base,sglang,flashinfer,mix_short6_long2_c8,mixed_stream,1,1,short,ok,4501,96.38118743896484,17.27610475876752,16.358375549316406,16.820430755615234,0,0,256,56.87624972228393,
sglang_flashinfer_base,sglang,flashinfer,mix_short6_long2_c8,mixed_stream,1,2,short,ok,4507,332.84735679626465,16.357951070748122,16.32404327392578,16.864299774169922,0,0,256,56.80053250499224,
sglang_flashinfer_base,sglang,flashinfer,mix_short6_long2_c8,mixed_stream,1,3,short,ok,4515,332.5488567352295,16.380537257475012,16.318082809448242,16.765594482421875,0,0,256,56.6998892580288,
sglang_flashinfer_base,sglang,flashinfer,mix_short6_long2_c8,mixed_stream,1,4,short,ok,4512,332.67855644226074,16.357081544165517,16.324758529663086,16.767263412475586,0,0,256,56.73758865248227,
sglang_flashinfer_base,sglang,flashinfer,mix_short6_long2_c8,mixed_stream,1,5,short,ok,4509,332.0450782775879,16.359332028557272,16.31951332092285,16.853809356689453,0,0,256,56.77533821246396,
sglang_flashinfer_base,sglang,flashinfer,mix_short6_long2_c8,mixed_stream,1,6,short,ok,4503,331.4952850341797,16.359712563309014,16.33596420288086,16.7691707611084,0,0,256,56.85098823006884,
sglang_flashinfer_base,sglang,flashinfer,mix_short6_long2_c8,mixed_stream,1,7,long2k,ok,4517,332.1716785430908,16.413385727826288,16.350507736206055,16.774654388427734,0,0,256,56.6747841487713,
sglang_flashinfer_base,sglang,flashinfer,mix_short6_long2_c8,mixed_stream,1,8,long2k,ok,4504,331.25829696655273,16.359385322122012,16.324758529663086,16.76321029663086,0,0,256,56.83836589698047,
sglang_flashinfer_base,sglang,flashinfer,mix_short6_long2_c8,mixed_stream,2,1,short,ok,4386,214.07032012939453,16.362390331193513,16.2966251373291,16.804218292236328,0,0,256,58.36753305973552,
sglang_flashinfer_base,sglang,flashinfer,mix_short6_long2_c8,mixed_stream,2,2,short,ok,4393,213.46259117126465,16.363809622970283,16.32380485534668,16.726255416870117,0,0,256,58.27452765763715,
sglang_flashinfer_base,sglang,flashinfer,mix_short6_long2_c8,mixed_stream,2,3,short,ok,4380,213.56821060180664,16.34049696080825,16.31641387939453,16.770362854003906,0,0,256,58.44748858447489,
sglang_flashinfer_base,sglang,flashinfer,mix_short6_long2_c8,mixed_stream,2,4,short,ok,4378,36.763906478881836,17.024935928045533,16.310691833496094,16.850948333740234,0,0,256,58.47418912745546,
sglang_flashinfer_base,sglang,flashinfer,mix_short6_long2_c8,mixed_stream,2,5,short,ok,4395,213.05537223815918,16.38339641047459,16.300201416015625,16.7996883392334,0,0,256,58.24800910125143,
sglang_flashinfer_base,sglang,flashinfer,mix_short6_long2_c8,mixed_stream,2,6,short,ok,4383,212.14580535888672,16.35602782754337,16.344070434570312,16.783952713012695,0,0,256,58.40748345881816,
sglang_flashinfer_base,sglang,flashinfer,mix_short6_long2_c8,mixed_stream,2,7,long2k,ok,4390,212.18085289001465,16.384049957873774,16.308069229125977,16.783475875854492,0,0,256,58.31435079726652,
sglang_flashinfer_base,sglang,flashinfer,mix_short6_long2_c8,mixed_stream,2,8,long2k,ok,4386,211.6713523864746,16.342760534847486,16.31927490234375,16.76321029663086,0,0,256,58.36753305973552,
sglang_flashinfer_base,sglang,flashinfer,mix_short6_long2_c8,mixed_stream,3,1,short,ok,4384,212.83316612243652,16.350737740011777,16.315221786499023,16.661643981933594,0,0,256,58.3941605839416,
sglang_flashinfer_base,sglang,flashinfer,mix_short6_long2_c8,mixed_stream,3,2,short,ok,4387,36.49282455444336,17.049353730444814,16.325950622558594,16.805410385131836,0,0,256,58.354228402097114,
sglang_flashinfer_base,sglang,flashinfer,mix_short6_long2_c8,mixed_stream,3,3,short,ok,4376,213.14048767089844,16.327783173205805,16.32094383239746,16.754150390625,0,0,256,58.50091407678244,
sglang_flashinfer_base,sglang,flashinfer,mix_short6_long2_c8,mixed_stream,3,4,short,ok,4392,212.4009132385254,16.357077804266236,16.320228576660156,16.750097274780273,0,0,256,58.287795992714024,
sglang_flashinfer_base,sglang,flashinfer,mix_short6_long2_c8,mixed_stream,3,5,short,ok,4381,212.37564086914062,16.348631241742304,16.327619552612305,16.710758209228516,0,0,256,58.434147454918964,
sglang_flashinfer_base,sglang,flashinfer,mix_short6_long2_c8,mixed_stream,3,6,short,ok,4388,211.76552772521973,16.365144767013252,16.30091667175293,16.724586486816406,0,0,256,58.34092980856882,
sglang_flashinfer_base,sglang,flashinfer,mix_short6_long2_c8,mixed_stream,3,7,long2k,ok,4384,211.78364753723145,16.36356091966816,16.30687713623047,16.727924346923828,0,0,256,58.3941605839416,
sglang_flashinfer_base,sglang,flashinfer,mix_short6_long2_c8,mixed_stream,3,8,long2k,ok,4377,211.07125282287598,16.33921043545592,16.290903091430664,16.646385192871094,0,0,256,58.48754854923464,
sglang_flashinfer_base,sglang,flashinfer,mix_short6_long2_c8,mixed_stream,4,1,short,ok,4389,36.28945350646973,17.068090625837737,16.325712203979492,16.83211326599121,0,0,256,58.32763727500569,
sglang_flashinfer_base,sglang,flashinfer,mix_short6_long2_c8,mixed_stream,4,2,short,ok,4390,212.03041076660156,16.379088046504002,16.330718994140625,16.781091690063477,0,0,256,58.31435079726652,
sglang_flashinfer_base,sglang,flashinfer,mix_short6_long2_c8,mixed_stream,4,3,short,ok,4393,211.11297607421875,16.38229968501072,16.31474494934082,16.763687133789062,0,0,256,58.27452765763715,
sglang_flashinfer_base,sglang,flashinfer,mix_short6_long2_c8,mixed_stream,4,4,short,ok,4396,210.968017578125,16.388306898229263,16.327619552612305,16.883373260498047,0,0,256,58.23475887170155,
sglang_flashinfer_base,sglang,flashinfer,mix_short6_long2_c8,mixed_stream,4,5,short,ok,4380,211.11631393432617,16.34335050395891,16.31951332092285,16.856670379638672,0,0,256,58.44748858447489,
sglang_flashinfer_base,sglang,flashinfer,mix_short6_long2_c8,mixed_stream,4,6,short,ok,4384,211.1349105834961,16.366250842225316,16.31951332092285,16.7694091796875,0,0,256,58.3941605839416,
sglang_flashinfer_base,sglang,flashinfer,mix_short6_long2_c8,mixed_stream,4,7,long2k,ok,4382,210.676908493042,16.360703636618222,16.335725784301758,16.77703857421875,0,0,256,58.42081241442264,
sglang_flashinfer_base,sglang,flashinfer,mix_short6_long2_c8,mixed_stream,4,8,long2k,ok,4378,211.04812622070312,16.3419667412253,16.340970993041992,16.756296157836914,0,0,256,58.47418912745546,
sglang_flashinfer_base,sglang,flashinfer,mix_short6_long2_c8,mixed_stream,5,1,short,ok,4394,36.717891693115234,17.077290778066597,16.32523536682129,16.78633689880371,0,0,256,58.26126536185708,
sglang_flashinfer_base,sglang,flashinfer,mix_short6_long2_c8,mixed_stream,5,2,short,ok,4385,212.0664119720459,16.365270053639133,16.332149505615234,16.783952713012695,0,0,256,58.38084378563284,
sglang_flashinfer_base,sglang,flashinfer,mix_short6_long2_c8,mixed_stream,5,3,short,ok,4383,211.78293228149414,16.357925826427984,16.30997657775879,16.866683959960938,0,0,256,58.40748345881816,
sglang_flashinfer_base,sglang,flashinfer,mix_short6_long2_c8,mixed_stream,5,4,short,ok,4387,211.31443977355957,16.377057281194947,16.31760597229004,16.81804656982422,0,0,256,58.354228402097114,
sglang_flashinfer_base,sglang,flashinfer,mix_short6_long2_c8,mixed_stream,5,5,short,ok,4380,210.3416919708252,16.35262451919855,16.323566436767578,16.88671112060547,0,0,256,58.44748858447489,
sglang_flashinfer_base,sglang,flashinfer,mix_short6_long2_c8,mixed_stream,5,6,short,ok,4398,210.33382415771484,16.423271216598213,16.30878448486328,16.80135726928711,0,0,256,58.20827648931333,
sglang_flashinfer_base,sglang,flashinfer,mix_short6_long2_c8,mixed_stream,5,7,long2k,ok,4394,210.52265167236328,16.38958968368231,16.315698623657227,16.87312126159668,0,0,256,58.26126536185708,
sglang_flashinfer_base,sglang,flashinfer,mix_short6_long2_c8,mixed_stream,5,8,long2k,ok,4390,209.78188514709473,16.393385681451537,16.336679458618164,16.8001651763916,0,0,256,58.31435079726652,
sglang_flashinfer_base,sglang,flashinfer,prefill_heavy_c4_4k_each,prefill_pressure,1,1,long4k,ok,2232,104.06804084777832,16.89333953554668,15.569567680358887,15.950679779052734,0,0,127,56.899641577060926,
sglang_flashinfer_base,sglang,flashinfer,prefill_heavy_c4_4k_each,prefill_pressure,1,2,long4k,ok,2234,249.78876113891602,15.624710894006444,15.592575073242188,15.920400619506836,0,0,128,57.29632945389436,
sglang_flashinfer_base,sglang,flashinfer,prefill_heavy_c4_4k_each,prefill_pressure,1,3,long4k,ok,2229,249.20988082885742,15.594839111087829,15.580892562866211,15.88129997253418,0,0,128,57.42485419470614,
sglang_flashinfer_base,sglang,flashinfer,prefill_heavy_c4_4k_each,prefill_pressure,1,4,long4k,ok,2230,249.1447925567627,15.593359789510412,15.569925308227539,15.884160995483398,0,0,128,57.399103139013455,
sglang_flashinfer_base,sglang,flashinfer,prefill_heavy_c4_4k_each,prefill_pressure,2,1,long4k,ok,2112,45.1052188873291,16.41047757769388,15.573740005493164,15.865087509155273,0,0,127,60.13257575757576,
sglang_flashinfer_base,sglang,flashinfer,prefill_heavy_c4_4k_each,prefill_pressure,2,2,long4k,ok,2111,132.61079788208008,15.579901342316875,15.564918518066406,15.817880630493164,0,0,128,60.63477025106584,
sglang_flashinfer_base,sglang,flashinfer,prefill_heavy_c4_4k_each,prefill_pressure,2,3,long4k,ok,2115,132.52925872802734,15.603163110928273,15.56396484375,15.814065933227539,0,0,128,60.52009456264775,
sglang_flashinfer_base,sglang,flashinfer,prefill_heavy_c4_4k_each,prefill_pressure,2,4,long4k,ok,2114,132.05575942993164,15.604798249372347,15.562772750854492,15.807151794433594,0,0,128,60.548722800378435,
sglang_flashinfer_base,sglang,flashinfer,prefill_heavy_c4_4k_each,prefill_pressure,3,1,long4k,ok,2119,48.3705997467041,16.42800323546879,15.5564546585083,15.798330307006836,0,0,127,59.93393109957527,
sglang_flashinfer_base,sglang,flashinfer,prefill_heavy_c4_4k_each,prefill_pressure,3,2,long4k,ok,2116,140.28573036193848,15.562626320546068,15.515327453613281,15.818119049072266,0,0,128,60.491493383742906,
sglang_flashinfer_base,sglang,flashinfer,prefill_heavy_c4_4k_each,prefill_pressure,3,3,long4k,ok,2120,139.99319076538086,15.596177634291761,15.542268753051758,15.82026481628418,0,0,128,60.37735849056603,
sglang_flashinfer_base,sglang,flashinfer,prefill_heavy_c4_4k_each,prefill_pressure,3,4,long4k,ok,2117,139.65153694152832,15.573602961742973,15.527963638305664,15.830278396606445,0,0,128,60.46291922531885,
sglang_flashinfer_base,sglang,flashinfer,prefill_heavy_c4_4k_each,prefill_pressure,4,1,long4k,ok,2121,139.23215866088867,15.610559718815361,15.588998794555664,15.796899795532227,0,0,128,60.34889203206035,
sglang_flashinfer_base,sglang,flashinfer,prefill_heavy_c4_4k_each,prefill_pressure,4,2,long4k,ok,2123,48.287391662597656,16.45335318550231,15.592098236083984,15.881538391113281,0,0,127,59.8210080075365,
sglang_flashinfer_base,sglang,flashinfer,prefill_heavy_c4_4k_each,prefill_pressure,4,3,long4k,ok,2118,138.56840133666992,15.59084606921579,15.565633773803711,15.812397003173828,0,0,128,60.43437204910293,
sglang_flashinfer_base,sglang,flashinfer,prefill_heavy_c4_4k_each,prefill_pressure,4,4,long4k,ok,2119,138.18836212158203,15.59289797084538,15.577554702758789,15.852689743041992,0,0,128,60.40585181689475,
sglang_flashinfer_base,sglang,flashinfer,prefill_heavy_c4_4k_each,prefill_pressure,5,1,long4k,ok,2121,48.06208610534668,16.45021400754414,15.581965446472168,15.889167785644531,0,0,127,59.877416313059875,
sglang_flashinfer_base,sglang,flashinfer,prefill_heavy_c4_4k_each,prefill_pressure,5,2,long4k,ok,2121,136.46435737609863,15.623406162412147,15.58065414428711,15.869140625,0,0,128,60.34889203206035,
sglang_flashinfer_base,sglang,flashinfer,prefill_heavy_c4_4k_each,prefill_pressure,5,3,long4k,ok,2123,136.32869720458984,15.63101866113858,15.595197677612305,15.86151123046875,0,0,128,60.292039566650956,
sglang_flashinfer_base,sglang,flashinfer,prefill_heavy_c4_4k_each,prefill_pressure,5,4,long4k,ok,2118,135.83755493164062,15.608308822151244,15.587568283081055,15.881538391113281,0,0,128,60.43437204910293,
sglang_flashinfer_base,sglang,flashinfer,decode_heavy_c8_short,decode_pressure,1,1,short,ok,17039,238.24548721313477,16.416792063186364,16.387224197387695,16.919374465942383,0,0,1024,60.09742355772052,
sglang_flashinfer_base,sglang,flashinfer,decode_heavy_c8_short,decode_pressure,1,2,short,ok,17027,36.409616470336914,16.6088884527033,16.420602798461914,16.825199127197266,0,0,1024,60.13977799964761,
sglang_flashinfer_base,sglang,flashinfer,decode_heavy_c8_short,decode_pressure,1,3,short,ok,17077,238.71517181396484,16.45997099629362,16.39699935913086,16.90816879272461,0,0,1024,59.96369385723487,
sglang_flashinfer_base,sglang,flashinfer,decode_heavy_c8_short,decode_pressure,1,4,short,ok,17049,238.1758689880371,16.427929916456414,16.405344009399414,16.882896423339844,0,0,1024,60.062173734529885,
sglang_flashinfer_base,sglang,flashinfer,decode_heavy_c8_short,decode_pressure,1,5,short,ok,17031,237.64300346374512,16.416581145479533,16.4034366607666,16.881227493286133,0,0,1024,60.12565322059774,
sglang_flashinfer_base,sglang,flashinfer,decode_heavy_c8_short,decode_pressure,1,6,short,ok,17064,238.0053997039795,16.446224755206067,16.402482986450195,16.90387725830078,0,0,1024,60.00937646507267,
sglang_flashinfer_base,sglang,flashinfer,decode_heavy_c8_short,decode_pressure,1,7,short,ok,17089,237.49542236328125,16.473039270962204,16.4034366607666,16.902446746826172,0,0,1024,59.92158698578033,
sglang_flashinfer_base,sglang,flashinfer,decode_heavy_c8_short,decode_pressure,1,8,short,ok,17043,236.89723014831543,16.42167137049044,16.40915870666504,16.903162002563477,0,0,1024,60.08331866455436,
sglang_flashinfer_base,sglang,flashinfer,decode_heavy_c8_short,decode_pressure,2,1,short,ok,17079,40.27366638183594,16.643379673813328,16.422271728515625,16.94631576538086,0,0,1024,59.95667193629603,
sglang_flashinfer_base,sglang,flashinfer,decode_heavy_c8_short,decode_pressure,2,2,short,ok,17058,250.12516975402832,16.430669283004566,16.41058921813965,16.914844512939453,0,0,1024,60.03048423027319,
sglang_flashinfer_base,sglang,flashinfer,decode_heavy_c8_short,decode_pressure,2,3,short,ok,17073,250.2288818359375,16.44520349400018,16.418933868408203,16.916751861572266,0,0,1024,59.9777426345692,
sglang_flashinfer_base,sglang,flashinfer,decode_heavy_c8_short,decode_pressure,2,4,short,ok,17049,249.26280975341797,16.422078756293242,16.414642333984375,16.89767837524414,0,0,1024,60.062173734529885,
sglang_flashinfer_base,sglang,flashinfer,decode_heavy_c8_short,decode_pressure,2,5,short,ok,17043,248.90398979187012,16.417174278699292,16.40033721923828,16.896486282348633,0,0,1024,60.08331866455436,
sglang_flashinfer_base,sglang,flashinfer,decode_heavy_c8_short,decode_pressure,2,6,short,ok,17067,249.40085411071777,16.421461385016567,16.404390335083008,16.891002655029297,0,0,1024,59.998828147887735,
sglang_flashinfer_base,sglang,flashinfer,decode_heavy_c8_short,decode_pressure,2,7,short,ok,17100,248.92067909240723,16.47242213274377,16.4031982421875,16.905784606933594,0,0,1024,59.88304093567251,
sglang_flashinfer_base,sglang,flashinfer,decode_heavy_c8_short,decode_pressure,2,8,short,ok,17091,248.56233596801758,16.43999464234532,16.402721405029297,16.901254653930664,0,0,1024,59.91457492247381,
sglang_flashinfer_base,sglang,flashinfer,decode_heavy_c8_short,decode_pressure,3,1,short,ok,17046,244.75526809692383,16.417440431208906,16.390562057495117,16.899824142456055,0,0,1024,60.072744338847826,
sglang_flashinfer_base,sglang,flashinfer,decode_heavy_c8_short,decode_pressure,3,2,short,ok,17068,36.928415298461914,16.648350339947324,16.367435455322266,16.957998275756836,0,0,1024,59.995312866182324,
sglang_flashinfer_base,sglang,flashinfer,decode_heavy_c8_short,decode_pressure,3,3,short,ok,17059,244.88091468811035,16.4367474418931,16.366243362426758,16.922950744628906,0,0,1024,60.026965238290636,
sglang_flashinfer_base,sglang,flashinfer,decode_heavy_c8_short,decode_pressure,3,4,short,ok,17039,244.85063552856445,16.41663941003943,16.39246940612793,16.965150833129883,0,0,1024,60.09742355772052,
sglang_flashinfer_base,sglang,flashinfer,decode_heavy_c8_short,decode_pressure,3,5,short,ok,17052,243.99089813232422,16.41732460126383,16.38936996459961,16.91746711730957,0,0,1024,60.05160684963641,
sglang_flashinfer_base,sglang,flashinfer,decode_heavy_c8_short,decode_pressure,3,6,short,ok,17092,243.7610626220703,16.45051745492109,16.392946243286133,16.934633255004883,0,0,1024,59.911069506201734,
sglang_flashinfer_base,sglang,flashinfer,decode_heavy_c8_short,decode_pressure,3,7,short,ok,17077,243.71671676635742,16.450396497694744,16.376972198486328,16.90959930419922,0,0,1024,59.96369385723487,
sglang_flashinfer_base,sglang,flashinfer,decode_heavy_c8_short,decode_pressure,3,8,short,ok,17072,242.84672737121582,16.44525989409416,16.390085220336914,16.923189163208008,0,0,1024,59.98125585754452,
sglang_flashinfer_base,sglang,flashinfer,decode_heavy_c8_short,decode_pressure,4,1,short,ok,17082,39.659976959228516,16.659225769639598,16.42608642578125,16.933679580688477,0,0,1024,59.946142137922955,
sglang_flashinfer_base,sglang,flashinfer,decode_heavy_c8_short,decode_pressure,4,2,short,ok,17059,249.07207489013672,16.42736871221548,16.420841217041016,16.90077781677246,0,0,1024,60.026965238290636,
sglang_flashinfer_base,sglang,flashinfer,decode_heavy_c8_short,decode_pressure,4,3,short,ok,17088,249.0847110748291,16.43707046061317,16.43228530883789,16.93415641784668,0,0,1024,59.9250936329588,
sglang_flashinfer_base,sglang,flashinfer,decode_heavy_c8_short,decode_pressure,4,4,short,ok,17069,248.27885627746582,16.44279157427865,16.420364379882812,16.917943954467773,0,0,1024,59.99179799636769,
sglang_flashinfer_base,sglang,flashinfer,decode_heavy_c8_short,decode_pressure,4,5,short,ok,17093,247.8172779083252,16.460098712208918,16.43514633178711,16.882896423339844,0,0,1024,59.90756450008776,
sglang_flashinfer_base,sglang,flashinfer,decode_heavy_c8_short,decode_pressure,4,6,short,ok,17074,248.08573722839355,16.44766295760258,16.432523727416992,16.890764236450195,0,0,1024,59.97422982312287,
sglang_flashinfer_base,sglang,flashinfer,decode_heavy_c8_short,decode_pressure,4,7,short,ok,17063,248.1682300567627,16.43728207749472,16.42441749572754,16.932249069213867,0,0,1024,60.01289339506535,
sglang_flashinfer_base,sglang,flashinfer,decode_heavy_c8_short,decode_pressure,4,8,short,ok,17053,247.27416038513184,16.427862562625172,16.41559600830078,16.907215118408203,0,0,1024,60.0480853808714,
sglang_flashinfer_base,sglang,flashinfer,decode_heavy_c8_short,decode_pressure,5,1,short,ok,17078,37.65082359313965,16.657314459016714,16.419649124145508,16.88098907470703,0,0,1024,59.960182691181636,
sglang_flashinfer_base,sglang,flashinfer,decode_heavy_c8_short,decode_pressure,5,2,short,ok,17061,248.2757568359375,16.420858696408985,16.41392707824707,16.937255859375,0,0,1024,60.01992849188207,
sglang_flashinfer_base,sglang,flashinfer,decode_heavy_c8_short,decode_pressure,5,3,short,ok,17104,247.2708225250244,16.478373041833486,16.41225814819336,16.888856887817383,0,0,1024,59.869036482694106,
sglang_flashinfer_base,sglang,flashinfer,decode_heavy_c8_short,decode_pressure,5,4,short,ok,17065,247.483491897583,16.43521508396779,16.426563262939453,16.92366600036621,0,0,1024,60.00585994726047,
sglang_flashinfer_base,sglang,flashinfer,decode_heavy_c8_short,decode_pressure,5,5,short,ok,17071,246.71006202697754,16.421398925408358,16.413211822509766,16.91603660583496,0,0,1024,59.98476949212114,
sglang_flashinfer_base,sglang,flashinfer,decode_heavy_c8_short,decode_pressure,5,6,short,ok,17054,246.64831161499023,16.421321083956332,16.402006149291992,16.907453536987305,0,0,1024,60.04456432508503,
sglang_flashinfer_base,sglang,flashinfer,decode_heavy_c8_short,decode_pressure,5,7,short,ok,17098,247.16711044311523,16.42956155719179,16.416549682617188,16.896724700927734,0,0,1024,59.89004561937069,
sglang_flashinfer_base,sglang,flashinfer,decode_heavy_c8_short,decode_pressure,5,8,short,ok,17045,246.37079238891602,16.42111272989014,16.42131805419922,16.894817352294922,0,0,1024,60.07626870049867,
